feature,importance
precipitation_hours,0.4455180660121357
sunshine_duration,0.43153528350459425
wind_speed_10m_max,0.12294665048327
