Model,RMSE,MAE,R2
Linear Regression,0.5754074880971415,0.4359737309649817,0.7719355463441457
Random Forest,0.4851546583270148,0.3745912648983437,0.8378686518983411
GBT,0.48918286195350125,0.3757284931740663,0.8351651453528055
